index,name,change,fans_count,play_count,gender,abstract,space_url,face
1,哔哩哔哩漫画,90,1269.17万,6631.96万,0,↑ 【关注漫画姬】就送【漫读券5张】，当日或次日登录哔哩哔哩漫画APP即可领取，快来关注领券吧(°∀°)ﾉ ↑,80,http://i1.hdslb.com/bfs/face/2254162161a60b528cfec449f3450409a81ebc37.jpg
2,老番茄,107,1176.63万,116390.32万,1,新浪微博：_老番茄_,97,http://i2.hdslb.com/bfs/face/bc5ca101313d4db223c395d64779e76eb3482d60.jpg
3,敬汉卿,124,863.49万,116396.23万,1,YouTube：敬汉卿【官方频道】 商务合作联系1905387728@qq.com,114,http://i2.hdslb.com/bfs/face/fd8d7ad17af295f7c4256959705f009c5f67e9c6.jpg
4,LexBurner,141,846.86万,84152.23万,1,新浪微博：http://weibo.com/lexburner,131,http://i1.hdslb.com/bfs/face/2996e22a24eed2d7767e452627a9130207defe6a.jpg
5,哔哩哔哩大会员,158,837.90万,146.12万,0,朋友，大会员了解一下~,148,http://i1.hdslb.com/bfs/face/fa6bd4292ccb3b3f7d21c957aeec8f878d56f77e.jpg
6,敖厂长,175,702.70万,84636.92万,0,up主并木有签名,165,http://i2.hdslb.com/bfs/face/8f80f1a4e71d2be308f578dcb2a2e1c70a8c3927.jpg
7,共青团中央,192,682.78万,108091.53万,0,大家好，我是皮皮团，右上角关注，点一下，玩好几年，看小片不花一分钱(◦˙▽˙◦)投稿发邮箱tzybilibili@163.com,182,http://i2.hdslb.com/bfs/face/2bb27602ede08bc063630711678da524928f5957.jpg
8,罗翔说刑法,209,681.87万,10066.84万,0,厚大法考刑法独家授课老师,199,http://i0.hdslb.com/bfs/face/4e5d0a51273fe3f8fabc700b6a71bb8a38c9e21e.jpg
9,凉风Kaze,226,651.73万,57207.82万,0,喜欢请关注~不喜欢的话我再想想办法~微博：@凉风Kaze 阅片无数系列每周三晚22点更新！！,216,http://i1.hdslb.com/bfs/face/e0cc906bb531195e9ee9f3b575effdd2b056eaea.jpg
10,papi酱,243,641.83万,45493.37万,0,一个集美貌与才华于一身的女子。商业邮箱：syhz@papitube.com。邮件请标明【papi合作】,233,http://i2.hdslb.com/bfs/face/e45a7b248f496fad8b32d3b9cfa0335339331798.jpg
11,周六野Zoey,260,639.08万,33557.85万,0,"每周四更新!微博同名,公众号wildsaturday, Ins:wildsaturday.zoey",250,http://i2.hdslb.com/bfs/face/3343a1a609d95c669671b0b4e57484708fb6760c.jpg
12,翔翔大作战,277,602.99万,91412.06万,0,up主并木有签名,267,http://i0.hdslb.com/bfs/face/e78a0ec3ae75e953948677062f034eb93c7302d5.jpg
13,李子柒,294,601.07万,16972.82万,0,李家有女，人称子柒。 新浪微博：李子柒 邮箱：liziqistyle@163.com,284,http://i2.hdslb.com/bfs/face/82d27965dae3b2fe9e52780c6309c7b37ad4cbf2.jpg
14,机智的党妹,311,585.04万,27443.56万,0,爱比讨厌更有力量。微博：我要这脸有何用 商业合作请联系qq：2221142014,301,http://i1.hdslb.com/bfs/face/f6652b5923648c0555029f6f96d79206c33dccd6.jpg
15,华农兄弟,328,572.49万,78545.14万,0,实拍农村美食美景，有趣好玩新鲜事！合作咨询 xy860086 ,318,http://i2.hdslb.com/bfs/face/bac504655c69ab937b0be4557e27535f794b0c66.jpg
16,中国BOY超级大猩猩,345,558.45万,86523.65万,1,新浪 @中国BOY-Hans,335,http://i2.hdslb.com/bfs/face/068939602dae190c86f6b36ca301281d7d8aa6d9.jpg
17,暴走漫画,362,547.84万,106044.89万,0,欢迎走进b站知名的严肃频道,352,http://i1.hdslb.com/bfs/face/c93ff5df2cd0c0c9384b139c86d1a56a9540c9a2.jpg
18,某幻君,379,546.11万,35069.06万,1,有事私信新娘浪微博: http://weibo.com/mouhuanjun b站私信不怎么看！,369,http://i2.hdslb.com/bfs/face/ede5e9251614c89c5c19a163a9bfde9a3913e115.jpg
19,我是郭杰瑞,396,539.80万,52992.49万,1,纽约犹太人，微博@我是郭杰瑞 ,386,http://i0.hdslb.com/bfs/face/6182455e4d61159121c223ddc7a3a381f2d4d056.jpg
20,伊丽莎白鼠,413,531.29万,35915.16万,0,一个热爱鬼畜的普通人。微博：@伊丽莎白鼠  weibo.com/LittleWhiteMouse ,403,http://i2.hdslb.com/bfs/face/6c36ec15f6d7ddd9bdb558511521bd0256779e1c.jpg
21,渗透之C君,430,505.88万,38312.65万,0,微博@渗透之C菌 weibo.com/roshinichi / ins: roshinichi 谢谢你喜欢我!,420,http://i1.hdslb.com/bfs/face/0e6854af41aa8a030c368e0779b8803b3e79941b.jpg
22,指法芬芳张大仙,447,490.73万,88303.06万,1,指法芬芳张大仙z,437,http://i0.hdslb.com/bfs/face/6426336744dd49a744eca32855808073988bd2ce.jpg
23,信誓蛋蛋,464,482.73万,28749.76万,1,微信公众号 ：@heyxinshidandan 微博：@real信誓蛋蛋 邮箱 ：hey@xinshidandan.fr,454,http://i1.hdslb.com/bfs/face/df0be0f1946581030cbaf34e3f66a996f0a1af4a.jpg
24,徐大虾咯,481,481.89万,45143.40万,1,微博@徐大虾咯咯丨商务合作请联系QQ2869920860,471,http://i2.hdslb.com/bfs/face/022ed8d37575bebe32346ba210395f9fe98a6a10.jpg
25,朱一旦的枯燥生活,498,464.71万,75053.70万,1,黑色幽默，感谢关注！ ,488,http://i2.hdslb.com/bfs/face/48ad92f9e0eb9516f491ed18457e2a73e865ea8c.jpg
26,哔哩哔哩电影,515,454.95万,125653.15万,0,up主并木有签名,505,http://i0.hdslb.com/bfs/face/ce5e0bf671780ab6da23e2c20bed79e3fdbe0568.jpg
27,观察者网,532,451.51万,245499.86万,0,广受年轻人心疼的时政网站（www.guancha.cn），合作联系shipin@guancha.cn。,522,http://i1.hdslb.com/bfs/face/1d6f100b921c9b48914eda8f3b37e76ba9ef4ca5.jpg
28,徐大sao,549,448.34万,81207.63万,0,骚是一种生活态度！今天咱们吃一顿好的！微博：徐大saoR,539,http://i0.hdslb.com/bfs/face/17323892be2e17b50acadb89b2e385b493f5fb4d.jpg
29,老师好我叫何同学,566,447.30万,10694.59万,0,放假会做贼有意思的视频    工作事宜联系：xhaxx1123@163.com,556,http://i2.hdslb.com/bfs/face/346d9c5e919a991216f4f5a950fb7b73cdd22fff.jpg
30,绵羊料理,583,446.37万,23043.94万,0,对着油炸的卡路里许愿，这辈子贪吃不胖！合作QQ：212926668,573,http://i1.hdslb.com/bfs/face/54b5c9c2ad7f1baff195090bfd6afa365ef20c37.jpg
31,木鱼水心,600,440.29万,51736.85万,1,公众号：木鱼水心 影评某种程度上，是让看过这部片的人，不那么孤独的东西。商务邮箱/QQ：bd@ark-tv.com,590,http://i2.hdslb.com/bfs/face/e922d9dc09a2d21f1400ad0f02f75ecf1b3575c8.jpg
32,哔哩哔哩英雄联盟赛事,617,437.40万,62169.75万,0,哔哩哔哩英雄联盟赛事官方账号，直播LPL、S10、季中赛、洲际赛等大型赛事。,607,http://i0.hdslb.com/bfs/face/cb620bbb9071974f37843134875d472b47532a97.jpg
33,美食作家王刚R,634,437.09万,38643.63万,0,美食作家王刚每周一，三，五更新川菜，粤菜，湘菜,624,http://i2.hdslb.com/bfs/face/1463fa4ea6bffd867dc257dca87248bb1d671cde.jpg
34,逍遥散人,651,420.90万,35653.05万,1,快乐 微博：weibo.com/xysanren 公众号：逍遥散人 ,641,http://i0.hdslb.com/bfs/face/a22f28e1190fab6f7fa2b81fadae1974cadf02f4.jpg
35,硬核的半佛仙人,668,419.31万,16144.55万,0,喜欢小仙女,658,http://i1.hdslb.com/bfs/face/aaf33dced1941af0946f37c62f4b48fcaba9c9a2.jpg
36,纳豆奶奶,685,416.97万,25044.93万,0,微博：@纳豆奶奶 旅居日本，江湖儿女，城市女郎。告白请私信~合作微信wilsonjp1010（需备注合作详情）,675,http://i2.hdslb.com/bfs/face/0a8638b34173708fcf979bd1166fbb7fdb1110a4.jpg
37,记录生活的蛋黄派,702,409.26万,40796.22万,0,小小美食博主 微信公众号：记录生活的蛋黄派微博：记录生活的蛋黄派,692,http://i1.hdslb.com/bfs/face/9ba6c7a0d3a2ebfe9db2f46219ece98e210d0269.jpg
38,哔哩哔哩纪录片,719,406.07万,117640.24万,0,莫得感情绝不咕咕的纪录菌,709,http://i1.hdslb.com/bfs/face/a837cc95d88395fddcf174d50b061566928ab1e7.jpg
39,张召忠,736,402.17万,15066.61万,1,各位网（玩）友（艺儿）大家好，我是局座张召忠。,726,http://i2.hdslb.com/bfs/face/e93bc7f0649f33fa63e5e0ee80be498796370401.jpg
40,央视新闻,753,394.53万,41732.37万,0,央视新闻官方账号,743,http://i1.hdslb.com/bfs/face/5a6808606bf1f7a2390b77e14df8d0d1d04680d9.jpg
41,花少北丶,770,386.75万,24531.21万,1,精神分裂症+间歇性失忆症 微博：花少北   工作邮箱:986643586@qq.com,760,http://i1.hdslb.com/bfs/face/86ef6895a8f88c80f2885e7eb9ba7989db437b93.jpg
42,手工耿,787,386.32万,27826.99万,0,喜欢做一些有趣的小手工。欢迎提供一些有意思想法。谢谢,777,http://i2.hdslb.com/bfs/face/b8a75ae7d2a0e2af1d36ca9f1084d850eebb28e3.jpg
43,大祥哥来了,804,380.80万,37278.79万,1,微博：@大祥哥来了,794,http://i2.hdslb.com/bfs/face/1b1fbd26ca19e309425ba58c46822b04a20bdf17.jpg
44,日食记,821,377.05万,17667.49万,1,治愈你心和胃的日食记：）欢迎来微信找铲屎官玩：rishiji002，微博@日食记@酥饼大人，公众号rishi-ji,811,http://i1.hdslb.com/bfs/face/1300ff9c3e45014f54ab5bd3602790a378ce6ac4.jpg
45,爱做饭的芋头SAMA,838,375.25万,15191.52万,0,誓做贵站第一饭见！ ,828,http://i0.hdslb.com/bfs/face/2182d21ff5ae520f392f55b59022bc17f43b4943.jpg
46,歪果仁研究协会,855,356.19万,24404.95万,0,微信@歪研会 微博@歪果仁研究协会 想要加入歪研会的盆友，快把自己的简历发送到talent@wewowwe.com,845,http://i2.hdslb.com/bfs/face/2a7ce63d91e613c4f58332dd01a5f2ac2c1ad788.jpg
47,靠脸吃饭的徐大王,872,353.95万,67173.37万,1,认证信息：B站知名颜值UP主,862,http://i0.hdslb.com/bfs/face/a3ab41c36338b39e5510fb2c23ff9d5e99989869.jpg
48,小潮院长,889,352.04万,31461.77万,1,观众与视频永远第一位丨商务合作请联系QQ2284771898,879,http://i1.hdslb.com/bfs/face/834eb0de8d2f470bf03e4ea92831b14f3824c863.jpg
49,柚子木字幕组,906,347.71万,112944.47万,0,知识&amp;生活。合作联系QQ 2523113364,896,http://i1.hdslb.com/bfs/face/efea73cc25184c18e7b4fd2250bbbaa5845a4814.jpg
50,起小点是大腿,923,331.97万,80034.98万,1,微博：@起小点是大腿 @小见见是大腿 @长歌是大腿  @甄一一是大腿 微信：见盘 合作VX：shidatuimcn,913,http://i0.hdslb.com/bfs/face/d2675df40673afe458ce7eca7bdf4fdc84555a6c.jpg
51,努力的Lorre,940,325.04万,38735.67万,1,漫威DC入门指南，视频更新，关注微信公众号：努力的Lorre,930,http://i1.hdslb.com/bfs/face/c63ebeed7d49967e2348ef953b539f8de90c5140.jpg
52,=咬人猫=,957,321.00万,25841.91万,0,面瘫女仆酱~小粗腿~事业线什么的！！吐槽你就输了！喵~,947,http://i0.hdslb.com/bfs/face/8fad84a4470f3d894d8f0dc95555ab8f2cb10a83.jpg
53,贤宝宝Baby,974,318.30万,35246.55万,0,微博:是贤宝宝本人  合作邮箱:2411507205@qq.com,964,http://i0.hdslb.com/bfs/face/227617e1021a0e416e0595acaee82efc5bffe515.jpg
54,毒角SHOW,991,314.77万,24405.41万,0,中国的人儿，世界的事儿，这个节目有种混合的味儿。头条／微博／美拍／秒拍／微信公众号：毒角SHOW,981,http://i0.hdslb.com/bfs/face/24486911dc40a0faa23b025b4493f15b086c65cc.jpg
55,吃素的狮子,1008,311.94万,36004.37万,1,发现生活，改变自己。合作邮箱：linjiaban2016@sina.cn,998,http://i2.hdslb.com/bfs/face/249bfa1b3d3e0932f533bc5364964b132fe9c6c2.jpg
56,巫师财经,1025,309.71万,3606.09万,1,不接广告勿私信，没有群也不建群，中英文案在公主号可自取,1015,http://i0.hdslb.com/bfs/face/c518dc95663850d075a90897de617cc634151f7a.jpg
57,盗月社食遇记,1042,302.34万,30709.14万,0,心里有光，哪儿都美。,1032,http://i0.hdslb.com/bfs/face/c7fb5da587c2ec6b56ad47579933fda34c000457.jpg
58,哔哩哔哩会员购,1059,301.12万,853.44万,0,【关注会员购】每周送【手办周边各种福利】下滑看动态了解一下~/商品问题咨询请转“我的-会员购中心-在线客服”哦,1049,http://i0.hdslb.com/bfs/face/8ae1403a65532bd22367a884a86ee1a15b55eb37.jpg
59,-纯黑-,1076,299.81万,33524.75万,0,佛系UP主，每年尽量至少一部“大片”，直播录像填补没有想做的游戏的空白期。企鹅电竞直播间搜索“纯黑”微博@纯黑GK,1066,http://i1.hdslb.com/bfs/face/e8ab7b02d6576f4141ea857734b68b9dd35a5730.jpg
60,花花与三猫CatLive,1093,296.35万,32008.69万,0,会有猫的。公众号/微博@花花与三猫CatLive；合作邮箱bd@msmcn.cn；Q群：318242314,1083,http://i2.hdslb.com/bfs/face/1871c834255ffea531f699164e70f0daebc7558b.jpg
61,观视频工作室,1110,295.66万,45178.24万,0,理性观世界，自信看中国,1100,http://i2.hdslb.com/bfs/face/9fde235378806dacaa4761bf32a6498a7531b55a.jpg
62,泛式,1127,292.55万,18480.33万,1,谢谢你喜欢我的视频 「微博: @泛式」 「淘宝店: 泛式的泛卖屋」 ,1117,http://i0.hdslb.com/bfs/face/5f60d345059b82f0878984d9f9133f45b33b82be.jpg
63,宝剑嫂,1144,292.53万,13521.63万,1,努力做人民的好猪猪 【微博@宝剑嫂】,1134,http://i2.hdslb.com/bfs/face/93f3d5d1085357565a4c2e4ac151104ac3d783ac.jpg
64,孤独的美食基,1161,291.05万,17935.20万,1,随缘更新微博：孤独的美食基 ｜ins：huangshef｜工作联系vx: dmfrontier ,1151,http://i2.hdslb.com/bfs/face/df188387360d6ad90f9e36ac4aaea68ed9f3c9be.jpg
65,黑镖客梦回,1178,289.45万,29004.10万,0,编辑个性签名,1168,http://i2.hdslb.com/bfs/face/eea214e23f627cedaa364deccd61ba67ecd120f1.jpg
66,电影最TOP,1195,289.27万,21346.14万,1,更多栏目请关注公众号：电影最TOP  商务合作QQ：52948104,1185,http://i1.hdslb.com/bfs/face/6b2ade215ea603b495648875c925172a863d16d4.jpg
67,科技美学,1212,287.16万,29049.16万,0,微博、微信 @科技美学，每天都会来带最新的数码产品资讯及测评！不定期抽奖送福利，快来关注参加吧！,1202,http://i0.hdslb.com/bfs/face/2938291dc4140eb447134069acb87740c8677041.jpg
68,李永乐老师官方,1229,285.21万,9866.87万,1,微信公众号“李永乐老师”中小学课程：美提课堂www.mtketang.com ,1219,http://i0.hdslb.com/bfs/face/b299b0e20dc4fbbd45e13ba86f330d890c0a0118.jpg
69,明日方舟,1246,282.56万,6349.26万,0,重铸未来 方舟启航,1236,http://i1.hdslb.com/bfs/face/89154378c06a5ed332c40c2ca56f50cd641c0c90.jpg
70,排骨教主,1263,281.75万,11683.27万,0,排骨教主，名传千古，千秋万代，一统江湖,1253,http://i0.hdslb.com/bfs/face/0c859785660c90cc8620f0a98d3b21cf91175de3.jpg
71,蜡笔和小勋,1280,278.94万,6591.33万,0,知识区双人说书爱好者 I 微博@蜡笔和小勋 I 邮箱：labidakashe@163.com(蜡笔打卡社),1270,http://i1.hdslb.com/bfs/face/8a8812e0a9bb3adda90044ef48830584e1efe7a2.jpg
72,哔哩哔哩弹幕网,1297,277.61万,27866.51万,1,哔哩哔哩 干杯 - ( ゜- ゜)つロ,1287,http://i2.hdslb.com/bfs/face/f2cb8d9854156e3f26d4c6751d6eeb9c30e21847.jpg
73,刘老师说电影,1314,274.81万,35166.50万,1,合作：liulaoshi@laoliumovie.com  大号是@哎呀我去刘老师 ,1304,http://i1.hdslb.com/bfs/face/145226ff2d32d7c99b8ea3591ffec2f38fc9d3d3.jpg
74,哔哩哔哩创作中心,1331,273.21万,1611.02万,0,这里是跟着荣誉周报改签名赢好运的可爱创作君！用心支持创作、扶持up主成长，这里有创作中心新功能/使用指导/创作学院/激励计划一手情报！,1321,http://i2.hdslb.com/bfs/face/1d488d028b0fcceb218b3c42c60d5c29932f0677.jpg
75,EdmundDZhang,1348,272.28万,40471.51万,1,嘿! 我的B站直播: live.bilibili.com/5050,1338,http://i0.hdslb.com/bfs/face/5d94b9727a49815716cd66fc7ba3840382025c56.jpg
76,嘟督不噶油,1365,271.07万,24296.30万,0,恶搞向游戏UP主，我的梦想是成为最伟大的梦想家！新浪微博：嘟督不噶油.商务合作烦请到微博私信，非诚勿扰。,1355,http://i0.hdslb.com/bfs/face/34d7ccfe7fbfe16e2e764b7bd543d1bb566ff208.jpg
77,啊吗粽,1382,269.60万,17041.92万,1,动态发微博：@啊吗粽  啊和吗都是口字旁！！！,1372,http://i0.hdslb.com/bfs/face/90d81ca398508963069f1918df0ff37b3e3b22d2.jpg
78,东尼ookii,1399,268.38万,21403.68万,0,日常发福利在微博: 东尼ookii，客官！进来就关注一下嘛～ ,1389,http://i1.hdslb.com/bfs/face/89975e4a5de742d5cd84c04f21a7402e6d9f3a38.jpg
79,A路人,1416,265.35万,13097.68万,0,粉丝群：675494207  私信统一微博回：@-A路人-,1406,http://i0.hdslb.com/bfs/face/c4022010115d00da6667a5cf799d5400067d7f66.jpg
80,罗汉解说,1433,263.51万,12383.18万,0,佛系更新 随缘直播~,1423,http://i2.hdslb.com/bfs/face/d8308d7f1ec4815fe4bd42ed0d62dda304c3644c.jpg
81,山下智博,1450,262.23万,38118.96万,1,山下的新浪微博 http://weibo.com/u/2979392192　微信号：shanxiazhibo,1440,http://i1.hdslb.com/bfs/face/b4b829bce2bb01c89a62a85e4d422e3d3abd0ae3.jpg
82,大胃王密子君,1467,258.59万,36899.57万,0,带你一起密食天下，做个快乐的吃货！合作QQ：2727844336（公司/职位/项目）,1457,http://i1.hdslb.com/bfs/face/7a8d14249171e09448f4ddba1e0129584257825f.jpg
83,痒局长,1484,256.17万,17589.45万,0,想成为全能一体机 weibo.com/93yadashi 商务合作请联系qq 2221142014/其他联系见公告,1474,http://i1.hdslb.com/bfs/face/bcdf640faa16ebaacea1d4c930baabaec9087a80.jpg
84,-欣小萌-,1501,252.22万,16431.92万,0,爱跳舞的胖妹  小号：欣小萌有点污（内容清新脱俗） 微博：-欣小萌-    商务联系qq691599452,1491,http://i1.hdslb.com/bfs/face/958f13536f6ee9d9693bc271881022e55d77c5f4.jpg
85,冯提莫,1518,251.73万,2185.55万,0,每周2、3、5、6晚上8点播。微博：冯提莫 （音乐平台同名）商务合作：1323128302@qq.com  ,1508,http://i2.hdslb.com/bfs/face/977c147e57ae43cfcd45dbdb0909b2ceef30d1c4.jpg
86,谷阿莫,1535,250.51万,52364.52万,1,來這邊只是聽我說一個我喜歡的故事，我不評論故事原本的含意或導演拍攝的用意，因為那些東西每個人都有不同的看法，謝謝,1525,http://i1.hdslb.com/bfs/face/e21784d061d071d70c201d10bd17c0c8bf4ff227.jpg
87,阿斗归来了,1552,249.96万,34182.26万,1,还原导演思想以及电影本身的魅力，如果你想看一个好故事，体味电影真谛，关注我就没错了……商务邮箱adgll@qq.com,1542,http://i0.hdslb.com/bfs/face/b6dad37ef0a68341b6e2f84de5e1f9ee02f8365e.jpg
88,兔叭咯,1569,249.09万,6336.41万,0,微博：兔叭咯不是2pac      B站不知名，学习区无实力UP主。,1559,http://i2.hdslb.com/bfs/face/9793d089606e7f5653fc7011da6a4f37a7ec7698.jpg
89,假美食po主,1586,246.51万,20509.86万,0,音乐是救世主  微博：假美食po主  ,1576,http://i0.hdslb.com/bfs/face/dd151788db4e32540d5ab59210397a5d1c82e11c.jpg
90,力元君,1603,246.13万,18726.34万,1,莉哥微博：力元君（狂发自拍）,1593,http://i2.hdslb.com/bfs/face/1fb779ed26c192e6451a1038772c5c3492c7f957.jpg
91,泠鸢yousa,1620,245.34万,7740.48万,0,虚拟艺人团体VirtuaReal Star成员，微博&amp;网易云等搜：泠鸢yousa ,1610,http://i2.hdslb.com/bfs/face/28f95c383f2805dbed32e93007c91ccfda28775f.jpg
92,哔哩哔哩游戏中心,1637,244.18万,17805.39万,0,最新游戏资讯，新游介绍，游戏福利都在这里~ 官方微博：哔哩哔哩游戏 微信公众号：哔哩哔哩游戏中心,1627,http://i1.hdslb.com/bfs/face/c0ac22f7534504b35204c2fd190f07c1876ac032.jpg
93,公主连结ReDive,1654,243.96万,2733.96万,0,与你再次连结的物语,1644,http://i2.hdslb.com/bfs/face/4e8cba44ae5919aa72f99321edf5c0b0761eb270.jpg
94,小片片说大片,1671,243.38万,33752.54万,0,VX公众号：小片片说大片。商务合作VX：xppsdp000,1661,http://i1.hdslb.com/bfs/face/7ce59c5aee20e19b47a5dd5a58ddd13aeffa697f.jpg
95,思维实验室,1688,238.68万,4597.36万,0,如无必要 勿增实体,1678,http://i1.hdslb.com/bfs/face/3139eb15341d3e1aa14d182027411fbe0b90cd37.jpg
96,崩坏3第一偶像爱酱,1705,237.75万,12953.11万,0,《崩坏3》4.0版本「长夜孤星」上线 SP德丽莎「朔夜观星」参战,1695,http://i0.hdslb.com/bfs/face/4842234a38ff1ef475f7e5b4438ca32376932bbc.jpg
97,哔哩哔哩活动,1722,237.45万,981.16万,0,哔哩哔哩活动相关账号。（仔细看我~~是不是还挺可爱的？不信你多看两眼）,1712,http://i2.hdslb.com/bfs/face/1e711421fdd158a0cadc1c4351ca19a75ea712ec.jpg
98,视角姬,1739,236.72万,20194.46万,1,商务合作B站或微博私信我,1729,http://i0.hdslb.com/bfs/face/851025ed4bc57ad6ae82a6314e72e249fd21d604.jpg
99,怕上火暴王老菊,1756,231.80万,40520.57万,0,微勃er：weibo.com/573244552,1746,http://i0.hdslb.com/bfs/face/550121f5c2c5d02b35ee525064dcd4c2612b26ea.jpg
100,回形针PaperClip,1773,229.24万,9446.17万,0,你的当代生活说明书，每周不定期更新。（未成年人请在家长陪同下观看,1763,http://i2.hdslb.com/bfs/face/6f1364b43acd594d457f489eda6989e2f5927cb3.jpg
